Notice ID,Satellite&nbsp;Name,ADM,ORG,Long_nom,Status,Type,Date of receipt of the suspension,Date of suspension,Date limit for the resumption,Date of resumption of operation,Provision,
110500265,TISAT-1,SUI,,N-GSO,S         ,T         ,11.04.2023,03.04.2023,03.04.2026,,11.49,
117500098,USGOVSAT-16R,USA,,24,S         ,T         ,02.05.2023,16.03.2023,16.03.2026,,11.49,
120500155,3ECOM-1,LIE,,N-GSO,S         ,T         ,16.02.2023,16.02.2023,16.02.2026,,11.49,
121500189,3ECOM-3,LIE,,N-GSO,S         ,T         ,16.02.2023,16.02.2023,16.02.2026,,11.49,
117500285,LUX-G8-36,LUX,,-135,S         ,T         ,14.04.2023,14.02.2023,14.02.2026,,11.49,
91910045,TDRS 62W,USA,,-62,S         ,T         ,02.05.2023,31.01.2023,31.01.2026,,11.49,
121500178,SIRION-1,AUS,,N-GSO,S         ,T         ,27.02.2023,04.01.2023,04.01.2026,,11.49,
122500120,INMARSAT-6-28W,G,,-28,S         ,T         ,20.12.2022,17.12.2022,17.12.2025,,11.49,
119500217,SE-KA-28W,NOR,,-28,S         ,T         ,30.12.2022,17.12.2022,17.12.2025,,11.49,
122570023,F-SAT-E-30B-133W,F,,-133,S         ,T         ,17.05.2023,01.12.2022,01.12.2025,,A30B#8.17,
119500054,LUX-G7-43,LUX,,-87,S         ,T         ,27.02.2023,21.11.2022,21.11.2025,,11.49,
122500190,USGOVSAT-18A,USA,,78.5,S         ,T         ,30.01.2023,15.11.2022,15.11.2025,,11.49,
122500145,CHINASAT-E-33.5E,CHN,,33.5,S         ,T         ,17.03.2023,12.11.2022,12.11.2025,,11.49,
122570022,INSAT-KUP-FSS(93.5E),IND,,93.5,S         ,T         ,01.05.2023,03.11.2022,03.11.2025,,A30B#8.17,
112500096,DDSP-104E,AUS,,104,S         ,T         ,24.01.2023,02.11.2022,02.11.2025,,11.49,
120500210,UK-KA-7,G,,-79,S         ,T         ,05.12.2022,12.10.2022,12.10.2025,,11.49,
122500072,UK-KA-7R,G,,-79,S         ,T         ,05.12.2022,12.10.2022,12.10.2025,,11.49,
122500143,CHINASAT-E-113E,CHN,,113,S         ,T         ,10.03.2023,23.09.2022,23.09.2025,,11.49,
122500093,102,CAN,,N-GSO,S         ,T         ,01.09.2022,28.08.2022,28.08.2025,,11.49,
122500125,USGOVSAT-19A,USA,,86,S         ,T         ,02.11.2022,19.07.2022,19.07.2025,,11.49,
122500132,DFH-5-02A,CHN,,59,S         ,T         ,17.11.2022,06.07.2022,06.07.2025,,11.49,
120500030,CD-SAT 123.1W,F,,-123.1,S         ,T         ,26.07.2022,22.06.2022,22.06.2025,,11.49,
120570011,CHINASAT-30B-126E,CHN,,126,S         ,T         ,04.11.2022,09.05.2022,09.05.2025,,A30B#8.17,
119500065,CHINASAT-C20,CHN,,126,S         ,T         ,04.11.2022,09.05.2022,09.05.2025,,11.49,
119500069,N-SAT-Y12-136E,J,,136,S         ,P         ,24.05.2022,07.04.2022,07.04.2025,,11.49,
120500281,N-SAT-Y15-136E,J,,136,S         ,P         ,24.05.2022,07.04.2022,07.04.2025,,11.49,
105500159,FY-2C,CHN,,123.5,S         ,T         ,04.07.2022,24.03.2022,24.03.2025,,11.49,
105500160,FY-2CS,CHN,,123.5,S         ,T         ,04.07.2022,24.03.2022,24.03.2025,,11.49,
117500163,FYGEOSAT-123.5E,CHN,,123.5,S         ,T         ,04.07.2022,24.03.2022,24.03.2025,,11.49,
122500051,FYGEOSAT-A-123.5E,CHN,,123.5,S         ,T         ,04.07.2022,24.03.2022,24.03.2025,,11.49,
103500244,SBTS B4,B,,-92,S         ,T         ,15.09.2022,16.03.2022,16.03.2025,,11.49,
117500027,USGOVSAT-1R,USA,,180,S         ,P         ,05.04.2022,07.03.2022,07.03.2025,,11.49,
121500015,ARSAT-D,ARG,,-81,S         ,T         ,14.06.2022,03.03.2022,03.03.2025,,11.49,
122500013,ARSAT-M,ARG,,-81,S         ,T         ,14.06.2022,03.03.2022,03.03.2025,,11.49,
121500105,PAKSAT-MM1-38.2E,PAK,,38.2,S         ,T         ,27.01.2022,05.01.2022,05.01.2025,,11.49,
117560018,PAKSAT-MM1-38.2E-BSS,PAK,,38.2,S         ,T         ,27.01.2022,05.01.2022,05.01.2025,,5.2.10,
121500112,MADAR-33E,UAE,,33,S         ,T         ,09.05.2022,02.01.2022,02.01.2025,,11.49,
122560001,YAHSAT-BSS-33.5E,UAE,,33.5,S         ,T         ,17.05.2022,02.01.2022,02.01.2025,,5.2.10,
122560002,YAHSAT-BSS-33.5E,UAE,,33.5,S         ,T         ,17.05.2022,02.01.2022,02.01.2025,,5.2.10,
118500304,N-SAT-Y12-144E,J,,144,S         ,P         ,18.02.2022,25.12.2021,25.12.2024,,11.49,
121500248,BSSNET4-95W,HOL,,-95.15,S         ,T         ,13.04.2023,11.12.2021,11.12.2024,,11.49,
117500326,NSS-G2-16,HOL,,50.5,S         ,T         ,07.12.2021,27.11.2021,27.11.2024,,11.49,
120500192,NSS-G4-22,HOL,,50.5,S         ,P         ,07.12.2021,27.11.2021,27.11.2024,,11.49,
106500348,THAICOM-C1,THA,,50.5,S         ,T         ,29.04.2022,27.11.2021,27.11.2024,,11.49,
112500242,THAICOM-N1,THA,,50.5,S         ,P         ,29.04.2022,27.11.2021,27.11.2024,,11.49,
115500231,ENSAT-23E,RUS,,23,R         ,T         ,25.01.2022,10.11.2021,,03.11.2022,11.49,
119500151,GIBSAT-72.5W,G,,-72.5,S         ,P         ,10.11.2021,06.11.2021,06.11.2024,,11.49,
113560019,INTELSAT KUEXT 66E,G,,66,S         ,P         ,23.11.2021,05.11.2021,05.11.2024,,5.2.10,
117500057,USGOVSAT-13R,USA,,-121.9,S         ,T         ,15.12.2021,03.11.2021,03.11.2024,,11.49,
114500129,NEW DAWN 23,PNG,,64,S         ,P         ,27.01.2022,18.10.2021,18.10.2024,,11.49,
117560003,F-SAT-E-BSS-12W,F,,-12.5,S         ,T         ,25.03.2022,01.10.2021,01.10.2024,,5.2.10,
117560002,F-SAT-E-BSS-12W,F,,-12.5,S         ,T         ,25.03.2022,01.10.2021,01.10.2024,,5.2.10,
121500187,SMMSAT-7R,S,,159,S         ,T         ,14.09.2021,19.08.2021,19.08.2024,,11.49,
121500145,UKDSAT-G,G,,159,S         ,T         ,18.01.2022,19.08.2021,19.08.2024,,11.49,
115570012,NSS-FSS 57E,HOL,,57,S         ,T         ,12.08.2021,10.08.2021,10.08.2024,,A30B#8.17,
119500032,KYPROS-ORION,CYP,,89.5,S         ,T         ,03.12.2021,05.08.2021,05.08.2024,,11.49,
121500085,MCSAT-2 HEO,F,,N-GSO,S         ,P         ,02.08.2021,31.07.2021,31.07.2024,,11.49,
120500010,N-SAT-Y15-124E,J,,124,S         ,P         ,24.09.2021,14.07.2021,14.07.2024,,11.49,
95500480,MEASAT-1,MLA,,91.5,R         ,P         ,11.11.2021,24.06.2021,,03.07.2022,11.49,
114500095,MEASAT-1A,MLA,,91.5,R         ,P         ,11.11.2021,24.06.2021,,03.07.2022,11.49,
111500193,MEASAT-1R,MLA,,91.5,R         ,P         ,11.11.2021,24.06.2021,,03.07.2022,11.49,
107500241,MEASAT-91.5E,MLA,,91.5,R         ,P         ,11.11.2021,24.06.2021,,03.07.2022,11.49,
105500148,MEASAT-IC 91.5,MLA,,91.5,R         ,P         ,11.11.2021,24.06.2021,,03.07.2022,11.49,
114500129,NEW DAWN 23,PNG,,64,S         ,P         ,11.08.2021,08.06.2021,08.06.2024,,11.49,
121500012,MCSAT-2 LEO-2,F,,N-GSO,S         ,T         ,30.06.2021,19.05.2021,19.05.2024,,11.49,
102500428,SICRAL-2A,I,,16.2,S         ,T         ,09.08.2021,15.05.2021,15.05.2024,,11.49,
109500089,SICRAL-3A,I,,16.2,S         ,T         ,09.08.2021,15.05.2021,15.05.2024,,11.49,
108501038,CHINASAT-45,CHN,,101.5,S         ,T         ,31.05.2021,01.05.2021,01.05.2024,,11.49,
96500372,MSAT,CAN,,-106.5,S         ,T         ,14.10.2021,21.04.2021,21.04.2024,,A30B#8.17,
103500447,MSAT,CAN,,-106.5,S         ,T         ,14.10.2021,21.04.2021,21.04.2024,,A30B#8.17,
101500597,MSAT,CAN,,-106.5,S         ,T         ,14.10.2021,21.04.2021,21.04.2024,,11.49,
107500175,LUX-30B-6,LUX,,23.5,S         ,T         ,17.03.2022,12.04.2021,08.11.2023,,A30B#8.17,
115570005,LUX-30B-G4-23.5E,LUX,,23.5,S         ,P         ,02.02.2022,12.04.2021,21.12.2023,,A30B#8.17,
121500059,LUX-G10-7,LUX,,23.5,S         ,T         ,22.09.2021,12.04.2021,12.04.2024,,11.49,
110500152,LUX-G3-24.2E,LUX,,23.5,S         ,P         ,22.09.2021,12.04.2021,12.04.2024,,11.49,
90500039,PALAPA-B2,INS,,113,S         ,T         ,12.07.2021,10.04.2021,31.12.2024,,11.49,
102500197,PALAPA-C1,INS,,113,S         ,T         ,12.07.2021,10.04.2021,31.12.2024,,11.49,
120500193,PALAPA-C1-B,INS,,113,S         ,P         ,12.07.2021,10.04.2021,31.12.2024,,11.49,
109500631,PALAPA-C1-K,INS,,113,S         ,T         ,12.07.2021,10.04.2021,31.12.2024,,11.49,
121500010,SE-KA-117.5E,NOR,,117.5,S         ,T         ,25.05.2021,07.04.2021,07.04.2024,,11.49,
119500067,VNSAT-1A3,VTN,,117.5,S         ,T         ,25.08.2021,07.04.2021,07.04.2024,,11.49,
115500088,ISLWE-1,F,,N-GSO,S         ,T         ,01.04.2021,26.03.2021,26.03.2024,,11.49,
120500015,N-SAT-Y15-128E,J,,128,S         ,P         ,21.06.2021,15.03.2021,15.03.2024,,11.49,
97500253,INMARSAT-3 POR-2,G,,178,S         ,T         ,10.03.2021,04.03.2021,04.03.2024,,11.49,
104500144,EUROPE*STAR-3,D,,47.5,S         ,T         ,12.03.2021,01.03.2021,01.03.2024,,11.49,
113500129,EUROPESTAR-47.5E,D,,47.5,S         ,P         ,12.03.2021,01.03.2021,01.03.2024,,11.49,
117560013,CHNBSAT-101.4E,CHN,,101.4,R         ,T         ,02.08.2021,07.02.2021,,19.09.2021,5.2.10,
115560023,CHNBSAT-101.4E,CHN,,101.4,R         ,T         ,02.08.2021,07.02.2021,,19.09.2021,5.2.10,
118500159,CHNBSAT-101.4E-TTC,CHN,,101.4,R         ,T         ,02.08.2021,07.02.2021,,19.09.2021,11.49,
119500035,CHNBSAT-K-101.4E,CHN,,101.4,R         ,T         ,02.08.2021,07.02.2021,,19.09.2021,11.49,
105500441,EUTELSAT EXB-48E,F,EUT,48,R         ,T         ,25.06.2021,21.01.2021,,13.08.2021,A30B#8.17,
119570003,F-SAT-E-30B-48.2E,F,,48,R         ,T         ,25.06.2021,21.01.2021,,13.08.2021,A30B#8.17,
120500078,F-SAT-N3-48E,F,,48,R         ,P         ,29.06.2021,21.01.2021,,13.08.2021,11.49,
117500333,F-SAT-N-E-48E,F,,48,R         ,T         ,29.06.2021,21.01.2021,,13.08.2021,11.49,
103500244,SBTS B4,B,,-92,R         ,T         ,08.02.2021,13.01.2021,,09.12.2021,11.49,
120500296,CHINASAT-D-125E,CHN,,125,R         ,P         ,05.07.2021,31.12.2020,,06.05.2022,11.49,
120500086,CHINASAT-DL6,CHN,,125,R         ,P         ,05.07.2021,31.12.2020,,06.05.2022,11.49,
116560015,YAHSAT-BSS-63E,UAE,,63,S         ,T         ,19.01.2021,18.12.2020,18.12.2023,,5.2.10,
116560014,YAHSAT-BSS-63E,UAE,,63,S         ,T         ,19.01.2021,18.12.2020,18.12.2023,,5.2.10,
117500183,YAHSAT-G6-63E,UAE,,63,S         ,T         ,19.01.2021,18.12.2020,18.12.2023,,11.49,
120500251,AUSSAT F 156E,AUS,,156,S         ,T         ,22.01.2021,12.12.2020,12.12.2023,,11.49,
108501134,CHINASAT-163E,CHN,,163,R         ,P         ,02.02.2021,02.12.2020,,12.11.2022,11.49,
118500091,CHINASAT-CL11,CHN,,163,R         ,P         ,02.02.2021,02.12.2020,,12.11.2022,11.49,
121500261,CHINASAT-D-163E,CHN,,163,R         ,T         ,02.02.2021,02.12.2020,,12.11.2022,11.49,
114500043,CHINASAT-ROUTE15,CHN,,163,R         ,P         ,02.02.2021,02.12.2020,,12.11.2022,11.49,
119500144,CHNSAT-M-101.4E,CHN,,101.4,R         ,T         ,10.08.2021,01.12.2020,,21.05.2021,11.49,
117500301,NEW DAWN 34,PNG,,85,S         ,T         ,23.12.2020,30.11.2020,30.11.2023,,11.49,
108501265,CTDRS-1-77E,CHN,,77,S         ,T         ,20.05.2021,22.11.2020,22.11.2023,,11.49,
117500234,CTDRS-2-77E,CHN,,77,S         ,T         ,20.05.2021,22.11.2020,22.11.2023,,11.49,
120500120,F-SAT-N3-25.5E,F,,25.5,R         ,T         ,25.11.2020,15.11.2020,,21.03.2022,11.49,
119500149,F-SAT-N5-25.5E,F,,25.5,R         ,T         ,25.11.2020,15.11.2020,,21.03.2022,11.49,
119500030,F-SAT-N-A-25.5E,F,,25.5,R         ,T         ,25.11.2020,15.11.2020,,21.03.2022,11.49,
120500092,NUSANTARA-H1-A,INS,,116.1,S         ,P         ,06.11.2020,03.11.2020,03.11.2023,,11.49,
105500223,DRTS-90.75E,J,,90.75,S         ,P         ,05.03.2021,22.10.2020,22.10.2023,,11.49,
112500244,N-SAT-90.75E,J,,90.75,S         ,P         ,05.03.2021,22.10.2020,22.10.2023,,11.49,
95500458,TURKSAT-1B,TUR,,31,R         ,T         ,06.04.2021,15.10.2020,,05.05.2021,11.49,
111500058,TURKSAT-2B,TUR,,31,R         ,T         ,06.04.2021,15.10.2020,,05.05.2021,11.49,
112500280,TURKSAT-31E-A,TUR,,31,R         ,T         ,06.04.2021,15.10.2020,,05.05.2021,11.49,
117500046,TURKSAT-31E-B,TUR,,31,R         ,T         ,06.04.2021,15.10.2020,,05.05.2021,11.49,
119500076,TURKSAT-31E-C,TUR,,31,R         ,T         ,06.04.2021,15.10.2020,,05.05.2021,11.49,
120500276,TURKSAT-31E-D,TUR,,31,R         ,T         ,06.04.2021,15.10.2020,,05.05.2021,11.49,
96500024,TURKSAT-K1,TUR,,31,R         ,T         ,06.04.2021,15.10.2020,,05.05.2021,11.49,
115560019,PACIFISAT BSS-116.1E,PNG,,116.1,S         ,T         ,14.10.2020,03.10.2020,03.10.2023,,5.2.10,
115560018,PACIFISAT BSS-116.1E,PNG,,116.1,S         ,T         ,14.10.2020,03.10.2020,03.10.2023,,5.2.10,
120500118,PACIFISAT-116.1E,PNG,,116.1,S         ,P         ,13.10.2020,03.10.2020,03.10.2023,,11.49,
115500012,PACIFISAT-9,PNG,,116.1,S         ,T         ,13.10.2020,03.10.2020,03.10.2023,,11.49,
117500098,USGOVSAT-16R,USA,,24,R         ,T         ,18.12.2020,02.10.2020,,16.12.2022,11.49,
120500079,CANPOL-2,CAN,,N-GSO,R         ,T         ,21.01.2021,11.09.2020,,01.06.2021,11.49,
118500298,COMMSTELLATION ,CAN,,N-GSO,S         ,T         ,21.01.2021,11.09.2020,11.09.2023,,11.49,
120500152,MADAR-160E,UAE,,160,S         ,T         ,21.09.2020,04.09.2020,04.09.2023,,11.49,
108501134,CHINASAT-163E,CHN,,163,R         ,P         ,02.02.2021,09.08.2020,,12.11.2022,11.49,
118500091,CHINASAT-CL11,CHN,,163,R         ,P         ,02.02.2021,09.08.2020,,12.11.2022,11.49,
114500043,CHINASAT-ROUTE15,CHN,,163,R         ,P         ,02.02.2021,09.08.2020,,12.11.2022,11.49,
119500167,DFH-5-02B,CHN,,173,S         ,T         ,18.01.2021,04.08.2020,04.08.2023,,11.49,
119500217,SE-KA-28W,NOR,,-28,R         ,T         ,31.08.2020,26.07.2020,,14.07.2022,11.49,
119500348,LUX-G8-44,LUX,,-83,S         ,T         ,27.01.2021,01.07.2020,05.06.2023,,11.49,
120500010,N-SAT-Y15-124E,J,,124,R         ,P         ,28.07.2020,20.06.2020,,23.03.2021,11.49,
117570002,CYP-30B-59.7E,CYP,,59.7,S         ,T         ,02.12.2020,16.06.2020,16.06.2023,,A30B#8.17,
118570002,CYP-30B-59.7E-2,CYP,,59.7,S         ,T         ,02.12.2020,16.06.2020,16.06.2023,,A30B#8.17,
117500131,GOMS-166E,RUS,,165.8,J         ,T         ,24.07.2020,01.06.2020,,09.03.2023,11.49,
118560010,NSS-BSS 100E,HOL,,100,S         ,T         ,28.05.2020,05.05.2020,05.05.2023,,5.2.10,
118560011,NSS-BSS 100E,HOL,,100,S         ,T         ,28.05.2020,05.05.2020,05.05.2023,,5.2.10,
119500285,L5,G,,N-GSO,S         ,P         ,17.11.2020,28.04.2020,08.04.2023,,11.49,
119500303,VERA,G,,N-GSO,S         ,T         ,17.11.2020,28.04.2020,08.04.2023,,11.49,
119500208,PSN-146E,INS,,146,S         ,P         ,04.11.2020,26.04.2020,31.10.2023,,11.49,
100500175,INTELSAT8 328.5E,USA,,-31.5,S         ,P         ,08.05.2020,21.04.2020,21.04.2023,,11.49,
107500330,INTELSAT9 328.5E,USA,,-31.5,S         ,P         ,08.05.2020,21.04.2020,21.04.2023,,11.49,
120500090,CHINASAT-DL5,CHN,,115.5,J         ,P         ,24.09.2020,08.04.2020,,06.04.2023,11.49,
120500210,UK-KA-7,G,,-79,R         ,T         ,02.10.2020,06.04.2020,,12.07.2022,11.49,
122500072,UK-KA-7R,G,,-79,R         ,P         ,02.10.2020,06.04.2020,,12.07.2022,11.49,
112570001,VENESAT-30B,VEN,,-78,S         ,T         ,10.04.2020,18.03.2020,18.03.2023,,A30B#8.17,
120500066,NSS-G4-9,HOL,,-86.5,S         ,T         ,15.09.2020,12.03.2020,09.03.2023,,11.49,
117500101,INMARSAT-KA 83.5E,G,,83.5,R         ,T         ,07.04.2020,10.03.2020,,08.01.2023,11.49,
118500185,SE-KA-83.5E,NOR,,83.5,R         ,T         ,08.04.2020,10.03.2020,,08.01.2023,11.49,
117500027,USGOVSAT-1R,USA,,180,R         ,T         ,01.04.2020,22.01.2020,,03.12.2021,11.49,
100500090,EXPRESS-11,RUS,,145,R         ,T         ,05.02.2020,20.01.2020,,09.03.2022,11.49,
119500152,RUSATCOM-145E,RUS,,145,R         ,T         ,05.02.2020,20.01.2020,,09.03.2022,11.49,
110500012,VOLNA-6R,RUS,,145,R         ,T         ,05.02.2020,20.01.2020,,09.03.2022,11.49,
100500401,SIRIUS-30B,S,,5,S         ,P         ,08.05.2020,10.01.2020,10.01.2023,,A30B#8.17,
106500573,SIRIUS-30B-5E,S,,5,S         ,P         ,08.05.2020,10.01.2020,10.01.2023,,A30B#8.17,
115570008,SIRIUS-30B-5E-4,S,,5,S         ,P         ,08.05.2020,10.01.2020,10.01.2023,,A30B#8.17,
119500069,N-SAT-Y12-136E,J,,136,R         ,P         ,30.10.2020,25.12.2019,,05.01.2022,11.49,
119500178,AMS-B2-13.8E,ISR,,13.8,J         ,P         ,17.11.2019,13.11.2019,,22.03.2023,11.49,
119500223,AMS-B7-13.8E,ISR,,13.8,S         ,P         ,17.11.2019,13.11.2019,29.07.2023,,11.49,
119500336,DFH-5-01A,CHN,,94.2,R         ,T         ,07.05.2020,07.11.2019,,08.09.2022,11.49,
113500039,GOMS-14.5W,RUS,,-14.5,R         ,T         ,23.01.2020,29.10.2019,,23.08.2020,11.49,
113560019,INTELSAT KUEXT 66E,G,,66,R         ,P         ,15.10.2019,01.10.2019,,01.01.2022,5.2.10,
104560003,INTELSAT KUEXT 66E,G,,66,R         ,T         ,15.10.2019,01.10.2019,,01.01.2022,5.2.10,
117500057,USGOVSAT-13R,USA,,-121.9,R         ,T         ,30.10.2019,20.09.2019,,08.06.2021,11.49,
114500095,MEASAT-1A,MLA,,91.5,R         ,P         ,02.03.2020,05.09.2019,,03.07.2022,11.49,
120500029,EDRS-31E,F,,31,R         ,T         ,28.02.2020,01.09.2019,,28.03.2022,11.49,
118560009,NSS-BSS 57E,HOL,,57,R         ,T         ,19.08.2019,05.08.2019,,21.06.2022,5.2.10,
118560008,NSS-BSS 57E,HOL,,57,R         ,T         ,19.08.2019,05.08.2019,,21.06.2022,5.2.10,
115560011,F-SAT-E-BSS-70.5E,F,,70.5,S         ,T         ,22.07.2019,04.08.2019,04.08.2022,,5.2.10,
115560003,F-SAT-E-BSS-70.5E,F,,70.5,S         ,T         ,22.07.2019,04.08.2019,04.08.2022,,5.2.10,
119500050,USGOVSAT-5A,USA,,-112,R         ,T         ,29.08.2019,26.06.2019,,19.12.2021,11.49,
113560010,BIFROST-4W-BSS,NOR,,-4,S         ,T         ,06.12.2019,25.06.2019,25.06.2022,,5.2.10,
113560009,BIFROST-4W-BSS,NOR,,-4,S         ,T         ,06.12.2019,25.06.2019,25.06.2022,,5.2.10,
119500069,N-SAT-Y12-136E,J,,136,R         ,P         ,28.11.2019,28.05.2019,,05.01.2022,11.49,
119500178,AMS-B2-13.8E,ISR,,13.8,R         ,P         ,04.06.2019,16.05.2019,,15.08.2019,11.49,
119500178,AMS-B2-13.8E,ISR,,13.8,J         ,P         ,04.06.2019,16.05.2019,,22.03.2023,11.49,
119500223,AMS-B7-13.8E,ISR,,13.8,J         ,P         ,04.06.2019,16.05.2019,,22.03.2023,11.49,
119500223,AMS-B7-13.8E,ISR,,13.8,R         ,P         ,04.06.2019,16.05.2019,,15.08.2019,11.49,
112500234,CTDRS-2-16.8E,CHN,,16.8,R         ,T         ,25.09.2019,13.05.2019,,29.04.2022,11.49,
113500144,CTDRS-2-167E,CHN,,167,R         ,T         ,25.09.2019,06.05.2019,,21.12.2021,11.49,
117500131,GOMS-166E,RUS,,165.8,R         ,T         ,17.05.2019,06.05.2019,,01.02.2020,11.49,
120500030,CD-SAT 123.1W,F,,-123.1,R         ,T         ,12.07.2019,23.04.2019,,21.03.2022,11.49,
106500076,INTELSAT10 310E,USA,,-50,R         ,T         ,18.09.2019,07.04.2019,,15.11.2020,11.49,
95500117,INTELSAT7 310E,USA,,-50,R         ,T         ,18.09.2019,07.04.2019,,15.11.2020,11.49,
107500329,INTELSAT9 310E,USA,,-50,R         ,T         ,18.09.2019,07.04.2019,,15.11.2020,11.49,
118500065,NEW DAWN 25,PNG,,-50,S         ,T         ,25.09.2019,07.04.2019,28.04.2024,,11.49,
118500304,N-SAT-Y12-144E,J,,144,R         ,T         ,15.02.2019,14.02.2019,,18.08.2021,11.49,
105500159,FY-2C,CHN,,123.5,R         ,T         ,03.07.2019,27.01.2019,,10.06.2021,11.49,
105500160,FY-2CS,CHN,,123.5,R         ,T         ,03.07.2019,27.01.2019,,10.06.2021,11.49,
117500163,FYGEOSAT-123.5E,CHN,,123.5,R         ,T         ,03.07.2019,27.01.2019,,10.06.2021,11.49,
111500116,CTDRS-2-176.8E,CHN,,176.8,R         ,T         ,03.07.2019,12.01.2019,,20.12.2020,11.49,
121500015,ARSAT-D,ARG,,-81,R         ,T         ,23.01.2019,10.01.2019,,01.12.2021,11.49,
116500158,CTDRS-2-10.6E,CHN,,10.6,R         ,T         ,03.07.2019,07.01.2019,,14.07.2021,11.49,
119500280,ARABSAT 8G-11E,ARS,ARB,11,R         ,P         ,14.02.2019,29.11.2018,,15.06.2021,11.49,
119500280,ARABSAT 8G-11E,ARS,ARB,11,R         ,P         ,14.02.2019,29.11.2018,,11.08.2020,11.49,
119500217,SE-KA-28W,NOR,,-28,R         ,T         ,18.02.2019,20.11.2018,,24.04.2020,11.49,
118570002,CYP-30B-59.7E-2,CYP,,59.7,R         ,P         ,06.05.2019,12.11.2018,,15.03.2020,A30B#8.17,
103500133,JCSAT-1R,J,,150,R         ,P         ,22.11.2018,08.11.2018,,01.12.2020,11.49,
105500535,JCSAT-FO-150E,J,,150,R         ,P         ,22.11.2018,08.11.2018,,01.12.2020,11.49,
116500219,N-SAT-Y12-150E,J,,150,R         ,P         ,22.11.2018,08.11.2018,,01.12.2020,11.49,
116500219,N-SAT-Y12-150E,J,,150,S         ,P         ,22.11.2018,08.11.2018,08.11.2021,,11.49,
113560019,INTELSAT KUEXT 66E,G,,66,R         ,P         ,17.10.2018,19.09.2018,,23.06.2021,5.2.10,
114500139,NSS-83A,HOL,,-67.5,R         ,T         ,06.09.2018,01.09.2018,,07.02.2019,11.49,
117560002,F-SAT-E-BSS-12W,F,,-12.5,R         ,T         ,30.11.2018,10.07.2018,,30.06.2021,5.2.10,
117560003,F-SAT-E-BSS-12W,F,,-12.5,R         ,T         ,30.11.2018,10.07.2018,,30.06.2021,5.2.10,
110500094,B-SAT-1J,B,,-68,R         ,T         ,13.02.2019,26.06.2018,,02.03.2021,11.49,
118500049,B-SAT-2J,B,,-68,R         ,T         ,13.02.2019,26.06.2018,,02.03.2021,11.49,
118500043,TURKSAT-31E-C,TUR,,31,R         ,T         ,25.07.2018,22.06.2018,,13.07.2020,11.49,
119500065,CHINASAT-C20,CHN,,126,R         ,P         ,04.12.2018,12.06.2018,,27.05.2019,11.49,
119500032,KYPROS-ORION,CYP,,89.5,R         ,T         ,16.05.2018,04.05.2018,,04.05.2021,11.49,
117570002,CYP-30B-59.7E,CYP,,59.7,R         ,T         ,03.10.2018,25.04.2018,,15.03.2020,A30B#8.17,
118570002,CYP-30B-59.7E-2,CYP,,59.7,R         ,P         ,03.10.2018,25.04.2018,,15.03.2020,A30B#8.17,
119500067,VNSAT-1A3,VTN,,117.5,R         ,T         ,03.05.2018,16.03.2018,,03.01.2021,11.49,
117500301,NEW DAWN 34,PNG,,85,R         ,T         ,23.02.2018,30.01.2018,,28.08.2020,11.49,
119500034,CHNSAT-118E,CHN,,118,R         ,T         ,10.07.2018,11.01.2018,,20.10.2020,11.49,
95500458,TURKSAT-1B,TUR,,31,R         ,T         ,01.06.2018,01.01.2018,,13.07.2020,11.49,
111500058,TURKSAT-2B,TUR,,31,R         ,T         ,01.06.2018,01.01.2018,,13.07.2020,11.49,
112500280,TURKSAT-31E-A,TUR,,31,R         ,T         ,01.06.2018,01.01.2018,,13.07.2020,11.49,
117500046,TURKSAT-31E-B,TUR,,31,R         ,T         ,01.06.2018,01.01.2018,,13.07.2020,11.49,
96500024,TURKSAT-K1,TUR,,31,R         ,T         ,01.06.2018,01.01.2018,,13.07.2020,11.49,
108501038,CHINASAT-45,CHN,,101.5,R         ,T         ,06.06.2018,09.12.2017,,01.12.2020,11.49,
117500101,INMARSAT-KA 83.5E,G,,83.5,R         ,P         ,14.12.2017,13.11.2017,,07.12.2019,11.49,
118500185,SE-KA-83.5E,NOR,,83.5,R         ,P         ,19.12.2017,13.11.2017,,07.12.2019,11.49,
105500155,GARUDA-2,INS,,123,S         ,P         ,07.02.2018,01.11.2017,01.11.2024,,11.49,
105500155,GARUDA-2,INS,,123,S         ,P         ,05.03.2019,01.11.2017,01.11.2024,,11.49,
119500341,IRANSAT-43.5E,IRN,,43.5,S         ,T         ,10.12.2017,07.10.2017,07.10.2023,,11.49,
119500062,CHINASAT-D-125E,CHN,,125,R         ,T         ,29.03.2018,30.09.2017,,10.04.2020,11.49,
120500086,CHINASAT-DL6,CHN,,125,R         ,P         ,29.03.2018,30.09.2017,,10.04.2020,11.49,
90500037,PALAPA-B1,INS,,108,R         ,T         ,05.09.2017,27.08.2017,,18.08.2018,11.49,
107500144,PALAPA-B1-EC,INS,,108,R         ,T         ,05.09.2017,27.08.2017,,18.08.2018,11.49,
103500163,PALAPA-C2,INS,,108,R         ,T         ,05.09.2017,27.08.2017,,18.08.2018,11.49,
117500023,TELKOM-108E,INS,,108,R         ,T         ,05.09.2017,27.08.2017,,18.08.2018,11.49,
117500098,USGOVSAT-16R,USA,,24,R         ,T         ,27.06.2018,22.08.2017,,13.03.2020,11.49,
115500113,IOMSAT-KA-63W,G,,-63,R         ,T         ,15.01.2018,19.08.2017,,11.08.2018,11.49,
117500057,USGOVSAT-13R,USA,,-121.9,R         ,T         ,27.06.2018,14.08.2017,,10.06.2019,11.49,
105500223,DRTS-90.75E,J,,90.75,R         ,T         ,26.01.2018,31.07.2017,,22.07.2020,11.49,
112500244,N-SAT-90.75E,J,,90.75,R         ,T         ,26.01.2018,31.07.2017,,22.07.2020,11.49,
114500129,NEW DAWN 23,PNG,,64,R         ,T         ,20.07.2017,30.06.2017,,10.01.2020,11.49,
102500410,INTELSAT6 330.5E,USA,,-29.5,R         ,P         ,21.06.2017,25.05.2017,,15.06.2018,11.49,
102500442,INTELSAT8 330.5E,USA,,-29.5,R         ,P         ,21.06.2017,25.05.2017,,15.06.2018,11.49,
107500331,INTELSAT9 330.5E,USA,,-29.5,R         ,P         ,21.06.2017,25.05.2017,,15.06.2018,11.49,
115500060,FYGEOSAT-99.5E,CHN,,99.5,R         ,T         ,19.06.2017,18.05.2017,,13.05.2018,11.49,
108501134,CHINASAT-163E,CHN,,163,R         ,P         ,09.10.2017,26.04.2017,,25.04.2020,11.49,
108501134,CHINASAT-163E,CHN,,163,R         ,P         ,09.10.2017,26.04.2017,,08.08.2019,11.49,
118500091,CHINASAT-CL11,CHN,,163,R         ,P         ,09.10.2017,26.04.2017,,08.08.2019,11.49,
118500091,CHINASAT-CL11,CHN,,163,R         ,P         ,09.10.2017,26.04.2017,,25.04.2020,11.49,
114500043,CHINASAT-ROUTE15,CHN,,163,R         ,P         ,09.10.2017,26.04.2017,,25.04.2020,11.49,
114500043,CHINASAT-ROUTE15,CHN,,163,R         ,P         ,09.10.2017,26.04.2017,,08.08.2019,11.49,
112500006,N-SAT-82E,J,,82,R         ,T         ,13.10.2017,26.04.2017,,09.04.2020,11.49,
109560017,EUTELSAT B-48.2E,F,EUT,48.2,R         ,T         ,09.01.2018,24.04.2017,,29.04.2019,5.2.10,
109560016,EUTELSAT B-48.2E,F,EUT,48.2,R         ,T         ,09.01.2018,24.04.2017,,29.04.2019,5.2.10,
103560002,EUTELSAT B-48E,F,EUT,48,R         ,T         ,09.01.2018,24.04.2017,,29.04.2019,5.2.10,
102560003,EUTELSAT B-48E,F,EUT,48,R         ,T         ,09.01.2018,24.04.2017,,29.04.2019,5.2.10,
114500095,MEASAT-1A,MLA,,91.5,R         ,P         ,14.04.2017,15.03.2017,,06.06.2019,11.49,
115570012,NSS-FSS 57E,HOL,,57,R         ,T         ,06.07.2017,09.03.2017,,06.03.2020,A30B#8.17,
117500027,USGOVSAT-1R,USA,,180,R         ,T         ,04.05.2017,02.02.2017,,17.10.2019,11.49,
116560015,YAHSAT-BSS-63E,UAE,,63,R         ,T         ,07.03.2017,25.01.2017,,18.08.2019,5.2.10,
116560014,YAHSAT-BSS-63E,UAE,,63,R         ,T         ,07.03.2017,25.01.2017,,18.08.2019,5.2.10,
116500172,YAHSAT-G6-63E,UAE,,63,R         ,T         ,07.03.2017,25.01.2017,,18.08.2019,11.49,
101500545,USASAT-14G,USA,,169,R         ,P         ,23.01.2017,26.12.2016,,15.02.2019,11.49,
110500254,USASAT-60J,USA,,169,R         ,P         ,23.01.2017,26.12.2016,,15.02.2019,11.49,
119500054,LUX-G7-43,LUX,,-87,R         ,T         ,15.12.2016,06.12.2016,,06.12.2019,11.49,
103500133,JCSAT-1R,J,,150,R         ,P         ,24.04.2017,23.11.2016,,07.08.2018,11.49,
105500535,JCSAT-FO-150E,J,,150,R         ,P         ,24.04.2017,23.11.2016,,07.08.2018,11.49,
114560004,GRC15002,GRC,,39,R         ,T         ,16.05.2017,16.11.2016,,09.08.2017,5.2.10,
114560003,GRC15002,GRC,,39,R         ,T         ,05.12.2017,16.11.2016,,09.08.2017,11.49,
114560004,GRC15002,GRC,,39,R         ,T         ,05.12.2017,16.11.2016,,09.08.2017,11.49,
114560003,GRC15002,GRC,,39,R         ,T         ,16.05.2017,16.11.2016,,09.08.2017,5.2.10,
116560027,KYPROS-SAT-4,CYP,,39,R         ,T         ,23.11.2017,16.11.2016,,09.08.2017,11.49,
116560026,KYPROS-SAT-4,CYP,,39,R         ,T         ,16.05.2017,16.11.2016,,09.08.2017,5.2.10,
116560027,KYPROS-SAT-4,CYP,,39,R         ,T         ,16.05.2017,16.11.2016,,09.08.2017,5.2.10,
116560026,KYPROS-SAT-4,CYP,,39,R         ,T         ,23.11.2017,16.11.2016,,09.08.2017,11.49,
117500278,KYPROS-SAT-5,CYP,,39,R         ,P         ,16.05.2017,16.11.2016,,09.08.2017,11.49,
95500617,SKYNET-4A,G,,-1,R         ,T         ,22.02.2017,30.09.2016,,04.06.2019,11.49,
104500381,SKYNET-4J,G,,-1,R         ,T         ,22.02.2017,30.09.2016,,04.06.2019,11.49,
108501024,SKYNET-5B,G,,-1,R         ,T         ,22.02.2017,30.09.2016,,04.06.2019,11.49,
106500249,INTELSAT5 33E,USA,,33,R         ,T         ,18.01.2017,22.09.2016,,09.09.2019,11.49,
102500055,INTELSAT7 33E,USA,,33,R         ,P         ,18.01.2017,22.09.2016,,09.09.2019,11.49,
110500215,INTELSAT9 33E,USA,,33,R         ,P         ,18.01.2017,22.09.2016,,09.09.2019,11.49,
103560005,INTELSAT KUEXT 60E,G,,60,R         ,T         ,12.10.2016,06.09.2016,,30.01.2018,5.2.10,
116500189,USGOVSAT-20R,USA,,134,R         ,T         ,23.01.2017,27.08.2016,,22.07.2019,11.49,
114500050,LXS-AIS,LUX,,N-GSO,R         ,T         ,09.11.2017,01.08.2016,,01.12.2018,11.49,
116500100,NEW DAWN 22,PNG,,62,R         ,T         ,29.09.2016,01.08.2016,,10.10.2018,11.49,
115560003,F-SAT-E-BSS-70.5E,F,,70.5,R         ,T         ,23.11.2016,07.07.2016,,04.10.2018,5.2.10,
115560011,F-SAT-E-BSS-70.5E,F,,70.5,R         ,T         ,23.11.2016,07.07.2016,,04.10.2018,5.2.10,
114500160,CTDRS-2-20.4E,CHN,,20.4,R         ,T         ,27.09.2016,02.07.2016,,16.05.2019,11.49,
109500876,CHINASAT-31,CHN,,80,R         ,T         ,16.12.2016,26.06.2016,,26.05.2019,11.49,
103500417,COMPASS-80E,CHN,,80,R         ,T         ,16.12.2016,26.06.2016,,26.05.2019,11.49,
114500122,HELLAS-SAT-2G,GRC,,39,R         ,P         ,05.12.2016,06.06.2016,,09.08.2017,11.49,
114500122,HELLAS-SAT-2G,GRC,,39,R         ,P         ,05.12.2016,06.06.2016,,01.06.2019,11.49,
116570005,HELLAS-SAT-3G,GRC,,39,R         ,T         ,05.12.2016,06.06.2016,,01.06.2019,A30B#8.17,
117500278,KYPROS-SAT-5,CYP,,39,R         ,P         ,05.12.2016,06.06.2016,,01.10.2019,11.49,
113500171,CTDRS-2-171E,CHN,,171,R         ,T         ,27.09.2016,24.05.2016,,10.05.2019,11.49,
116500107,USGOVSAT-11R,USA,,150,R         ,T         ,14.09.2016,13.05.2016,,12.07.2017,11.49,
113560019,INTELSAT KUEXT 66E,G,,66,R         ,P         ,08.06.2016,05.05.2016,,31.01.2019,5.2.10,
104560003,INTELSAT KUEXT 66E,G,,66,R         ,T         ,08.06.2016,05.05.2016,,31.01.2019,5.2.10,
114500140,ARABSAT 7B-26E,ARS,ARB,26,R         ,P         ,10.03.2016,23.02.2016,,26.06.2016,11.49,
113500144,CTDRS-2-167E,CHN,,167,R         ,T         ,18.05.2016,23.01.2016,,20.01.2019,11.49,
114500107,UKSAT-KU-4,G,,-76,R         ,T         ,04.07.2016,22.01.2016,,30.10.2017,11.49,
112500234,CTDRS-2-16.8E,CHN,,16.8,R         ,T         ,18.05.2016,15.01.2016,,13.01.2019,11.49,
103500127,INTERSPUTNIK-17E,RUS,IK,17,R         ,T         ,04.02.2016,22.11.2015,,17.11.2019,11.49,
115560020,INTERSPUTNIK-17E-B,RUS,IK,17,R         ,T         ,04.02.2016,22.11.2015,,17.11.2019,5.2.10,
115560021,INTERSPUTNIK-17E-B,RUS,IK,17,R         ,T         ,04.02.2016,22.11.2015,,17.11.2019,5.2.10,
109500232,INTERSPUTNIK-17E-CK,RUS,IK,17,R         ,T         ,04.02.2016,21.11.2015,,17.11.2019,11.49,
114500154,LUX-G6-6,LUX,,21.5,R         ,T         ,04.02.2016,15.11.2015,,23.02.2018,11.49,
114500169,LUX-G7-6,LUX,,21.5,R         ,T         ,04.02.2016,15.11.2015,,23.02.2018,11.49,
111560004,AM-SAT AF3 BSS,G,,51,R         ,T         ,16.02.2016,06.11.2015,,08.06.2017,5.2.10,
111560003,AM-SAT AF3 BSS,G,,51,R         ,T         ,16.02.2016,06.11.2015,,08.06.2017,5.2.10,
113560019,INTELSAT KUEXT 66E,G,,66,R         ,P         ,08.06.2016,15.10.2015,,31.08.2017,5.2.10,
100500401,SIRIUS-30B,S,,5,R         ,P         ,11.01.2016,14.10.2015,,21.07.2018,A30B#8.17,
106500573,SIRIUS-30B-5E,S,,5,R         ,P         ,11.01.2016,14.10.2015,,21.07.2018,A30B#8.17,
115570008,SIRIUS-30B-5E-4,S,,5,R         ,P         ,11.01.2016,14.10.2015,,21.07.2018,A30B#8.17,
96500372,MSAT,CAN,,-106.5,R         ,T         ,04.08.2016,04.10.2015,,20.09.2018,A30B#8.17,
103500447,MSAT,CAN,,-106.5,R         ,T         ,04.08.2016,04.10.2015,,20.09.2018,A30B#8.17,
101500597,MSAT,CAN,,-106.5,R         ,T         ,21.12.2015,04.10.2015,,20.09.2018,11.49,
115500100,UKDSAT-A2,G,,-33.5,R         ,T         ,18.08.2015,18.08.2015,,16.08.2018,11.49,
114500097,HISPASAT 2A 36W,E,,-36,R         ,P         ,24.09.2015,14.08.2015,,23.05.2017,11.49,
115500070,YAHSAT-N-20W,UAE,,-20,R         ,T         ,27.08.2015,28.07.2015,,30.04.2018,11.49,
107500175,LUX-30B-6,LUX,,23.5,R         ,T         ,18.12.2015,09.06.2015,,23.05.2018,A30B#8.17,
115570005,LUX-30B-G4-23.5E,LUX,,23.5,R         ,T         ,18.12.2015,09.06.2015,,23.05.2018,A30B#8.17,
110500152,LUX-G3-24.2E,LUX,,23.5,R         ,P         ,09.12.2015,09.06.2015,,23.05.2018,11.49,
110500157,PALAPA-B3-EC,INS,,118,R         ,T         ,21.10.2015,01.06.2015,,27.03.2017,11.49,
109500491,PALAPA-C3-K,INS,,118,R         ,P         ,21.10.2015,01.06.2015,,27.03.2017,11.49,
113560004,ARABSAT BSS 6F,ARS,ARB,44.5,R         ,T         ,13.07.2015,28.05.2015,,02.10.2015,5.2.10,
113560003,ARABSAT BSS 6F,ARS,ARB,44.5,R         ,T         ,13.07.2015,28.05.2015,,02.10.2015,5.2.10,
115500060,FYGEOSAT-99.5E,CHN,,99.5,R         ,T         ,16.11.2015,22.05.2015,,11.12.2016,11.49,
114500139,NSS-83A,HOL,,-67.5,R         ,P         ,04.11.2015,15.05.2015,,15.02.2018,11.49,
105500155,GARUDA-2,INS,,123,R         ,T         ,20.04.2015,11.01.2015,,12.11.2016,11.49,
105500159,FY-2C,CHN,,123.5,R         ,T         ,19.03.2015,13.12.2014,,01.09.2015,11.49,
105500160,FY-2CS,CHN,,123.5,R         ,T         ,19.03.2015,13.12.2014,,01.09.2015,11.49,
113500084,JMCS-93E,J,,93,R         ,T         ,14.05.2015,19.11.2014,,25.02.2017,11.49,
113500113,N-SAT-93E,J,,93,R         ,T         ,14.05.2015,19.11.2014,,25.02.2017,11.49,
100500228,INTELSAT5A 157E,USA,,157,R         ,P         ,06.08.2015,16.11.2014,,30.10.2017,11.49,
103500073,INTELSAT6 157E,USA,,157,R         ,P         ,06.08.2015,16.11.2014,,30.10.2017,11.49,
102500192,INTELSAT7 157E,USA,,157,R         ,P         ,15.12.2014,16.11.2014,,08.04.2015,11.49,
102500192,INTELSAT7 157E,USA,,157,R         ,P         ,15.12.2014,16.11.2014,,30.10.2017,11.49,
103500004,INTELSAT8 157E,USA,,157,R         ,P         ,06.08.2015,16.11.2014,,30.10.2017,11.49,
114500146,F-SAT-N-E-8W,F,,-8,R         ,P         ,20.04.2015,02.11.2014,,01.10.2015,11.49,
92500046,TELECOM-2A,F,,-8,R         ,P         ,20.04.2015,02.11.2014,,01.10.2015,11.49,
106500317,TELECOM-3A,F,,-8,R         ,T         ,20.04.2015,02.11.2014,,01.10.2015,11.49,
107500300,TELECOM-4A,F,,-8,R         ,P         ,20.04.2015,02.11.2014,,01.10.2015,11.49,
99500246,INFOSAT-C,KOR,,116,R         ,T         ,03.11.2014,25.10.2014,,04.06.2017,11.49,
106500566,PALAPA-C4,INS,,150.5,R         ,P         ,17.12.2014,21.10.2014,,15.08.2015,11.49,
106500566,PALAPA-C4,INS,,150.5,R         ,P         ,17.12.2014,21.10.2014,,05.10.2016,11.49,
114500058,PALAPA-C4-A,INS,,150.5,R         ,P         ,17.12.2014,21.10.2014,,15.08.2015,11.49,
114500058,PALAPA-C4-A,INS,,150.5,R         ,P         ,17.12.2014,21.10.2014,,05.10.2016,11.49,
114500107,UKSAT-KU-4,G,,-76,R         ,T         ,10.04.2015,10.10.2014,,01.08.2015,11.49,
109500021,CHINASAT-51.5E,CHN,,51.5,R         ,T         ,26.12.2014,08.08.2014,,23.01.2016,11.49,
114500054,CHINASAT-ROUTE1,CHN,,51.5,R         ,P         ,26.12.2014,08.08.2014,,23.01.2016,11.49,
109500585,USASAT-14I-3,USA,,68.5,R         ,P         ,28.10.2014,01.07.2014,,20.09.2016,11.49,
99500054,TURKSAT-1C,TUR,,50,R         ,T         ,19.09.2014,02.06.2014,,23.10.2015,11.49,
112500282,TURKSAT-50E-A,TUR,,50,R         ,T         ,19.09.2014,02.06.2014,,23.10.2015,11.49,
114500056,TURKSAT-50E-B,TUR,,50,R         ,T         ,19.09.2014,02.06.2014,,23.10.2015,11.49,
109500555,TURKSAT-C50E,TUR,,50,R         ,T         ,19.09.2014,02.06.2014,,23.10.2015,11.49,
109500209,TURKSAT-K3,TUR,,50,R         ,T         ,19.09.2014,02.06.2014,,23.10.2015,11.49,
115500113,IOMSAT-KA-63W,G,,-63,R         ,T         ,26.09.2014,22.05.2014,,19.05.2017,11.49,
112500189,SICRAL-4-37E,I,,37,R         ,T         ,13.06.2014,29.04.2014,,05.05.2016,11.49,
102500027,INSAT-2(55),IND,,55,R         ,P         ,19.09.2014,02.04.2014,,25.12.2014,11.49,
105500708,INSAT-2T (55),IND,,55,R         ,T         ,19.09.2014,02.04.2014,,25.12.2014,11.49,
110500097,INSAT-EK55,IND,,55,R         ,T         ,19.09.2014,02.04.2014,,25.12.2014,11.49,
106500234,THAICOM-A2B,THA,,78.5,R         ,P         ,10.09.2014,14.03.2014,,16.11.2016,11.49,
109500875,THAICOM-G1K,THA,,78.5,R         ,P         ,10.09.2014,14.03.2014,,16.11.2016,11.49,
112500215,THAICOM-N2,THA,,78.5,R         ,P         ,10.09.2014,14.03.2014,,16.11.2016,11.49,
114500097,HISPASAT 2A 36W,E,,-36,R         ,P         ,20.06.2014,20.02.2014,,07.07.2016,11.49,
113570007,MCO-FSS-52E,MCO,,52,R         ,T         ,30.06.2014,07.02.2014,,01.07.2015,A30B#8.17,
114560003,GRC15002,GRC,,39,R         ,T         ,03.04.2014,18.01.2014,,17.08.2016,5.2.10,
114560004,GRC15002,GRC,,39,R         ,T         ,03.04.2014,18.01.2014,,17.08.2016,5.2.10,
114500122,HELLAS-SAT-2G,GRC,,39,R         ,P         ,03.04.2014,18.01.2014,,07.03.2016,11.49,
108501134,CHINASAT-163E,CHN,,163,R         ,T         ,08.04.2014,12.01.2014,,10.04.2016,11.49,
114500043,CHINASAT-ROUTE15,CHN,,163,R         ,T         ,08.04.2014,12.01.2014,,10.04.2016,11.49,
113560011,MCO-BSS-52E,MCO,,52,R         ,T         ,25.06.2013,13.11.2013,,01.07.2015,5.2.10,
113560012,MCO-BSS-52E,MCO,,52,R         ,T         ,25.06.2013,13.11.2013,,01.07.2015,5.2.10,
113560013,MCO-BSS-52EA,MCO,,52,R         ,T         ,25.06.2013,13.11.2013,,01.07.2015,5.2.10,
113560014,MCO-BSS-52EA,MCO,,52,R         ,T         ,25.06.2013,13.11.2013,,01.07.2015,5.2.10,
113560016,MCO-BSS-52EAP,MCO,,52,R         ,T         ,25.06.2013,13.11.2013,,01.07.2015,5.2.10,
113560015,MCO-BSS-52EAP,MCO,,52,R         ,T         ,25.06.2013,13.11.2013,,01.07.2015,5.2.10,
113500171,CTDRS-2-171E,CHN,,171,R         ,T         ,14.04.2014,29.10.2013,,27.01.2016,11.49,
103560005,INTELSAT KUEXT 60E,G,,60,R         ,T         ,20.09.2013,13.09.2013,,20.07.2016,5.2.10,
104500214,USASAT 26G,USA,,-58,R         ,T         ,18.06.2014,13.09.2013,,24.06.2016,A30B#8.17,
113500050,B-SAT-1W,B,,-48,R         ,P         ,28.02.2014,05.09.2013,,09.12.2015,11.49,
113500050,B-SAT-1W,B,,-48,R         ,P         ,28.02.2014,05.09.2013,,23.07.2015,11.49,
113500106,ESAT 1,G,,25,R         ,T         ,26.10.2015,24.08.2013,,10.11.2015,11.49,
114500007,MEXSAT113 L-CEXT-X,MEX,,-113,R         ,P         ,05.02.2014,19.08.2013,,02.10.2015,11.49,
98500178,EXPRESS-4,RUS,,40,R         ,T         ,08.08.2013,01.08.2013,,24.04.2015,11.49,
106500059,EXPRESS-4B,RUS,,40,R         ,T         ,08.08.2013,01.08.2013,,24.04.2015,11.49,
99500020,LOUTCH-7,RUS,,40,R         ,T         ,08.08.2013,01.08.2013,,24.04.2015,11.49,
110500067,VOLNA-4R,RUS,,40,R         ,T         ,08.08.2013,01.08.2013,,24.04.2015,11.49,
113500044,ARABSAT 7F-44.5E,ARS,ARB,44.5,R         ,P         ,29.01.2014,27.07.2013,,02.10.2015,11.49,
113560004,ARABSAT BSS 6F,ARS,ARB,44.5,R         ,T         ,11.03.2013,27.07.2013,,27.02.2015,5.2.10,
113560003,ARABSAT BSS 6F,ARS,ARB,44.5,R         ,T         ,11.03.2013,27.07.2013,,27.02.2015,5.2.10,
111500116,CTDRS-2-176.8E,CHN,,176.8,R         ,T         ,29.11.2013,24.07.2013,,28.05.2016,11.49,
113500063,AM-SAT-108.2E-G,G,,108.2,R         ,P         ,23.07.2013,18.07.2013,,01.06.2016,11.49,
114500038,LUX-G5-25,LUX,,108.2,R         ,P         ,13.01.2014,18.07.2013,,31.05.2016,11.49,
110500094,B-SAT-1J,B,,-68,R         ,T         ,20.12.2013,11.07.2013,,30.06.2016,11.49,
110500157,PALAPA-B3-EC,INS,,118,R         ,T         ,01.10.2013,06.07.2013,,01.03.2015,11.49,
109500491,PALAPA-C3-K,INS,,118,R         ,P         ,01.10.2013,06.07.2013,,27.03.2017,11.49,
109500491,PALAPA-C3-K,INS,,118,R         ,P         ,01.10.2013,06.07.2013,,01.03.2015,11.49,
102500428,SICRAL-2A,I,,16.2,R         ,T         ,07.08.2013,27.05.2013,,15.12.2015,11.49,
114500054,CHINASAT-ROUTE1,CHN,,51.5,R         ,P         ,04.06.2014,19.04.2013,,23.01.2016,11.49,
114500054,CHINASAT-ROUTE1,CHN,,51.5,R         ,P         ,30.09.2013,19.04.2013,,23.01.2016,11.49,
110500152,LUX-G3-24.2E,LUX,,23.5,R         ,P         ,24.06.2013,12.04.2013,,13.02.2015,11.49,
112500145,ASIASAT-CKZ,CHN,,105.5,R         ,T         ,05.06.2013,11.03.2013,,18.03.2015,11.49,
109500739,PALAPA PAC-C 146E,INS,,146,R         ,P         ,26.03.2013,24.01.2013,,20.12.2014,11.49,
109500739,PALAPA PAC-C 146E,INS,,146,R         ,P         ,26.03.2013,24.01.2013,,07.03.2019,11.49,
108500599,PALAPA PAC-KU 146E,INS,,146,R         ,P         ,26.03.2013,24.01.2013,,20.12.2014,11.49,
108500599,PALAPA PAC-KU 146E,INS,,146,R         ,P         ,26.03.2013,24.01.2013,,25.11.2016,11.49,
111500243,CSDRN-M,RUS,,95,R         ,P         ,24.12.2012,29.11.2012,,28.04.2014,11.49,
92500046,TELECOM-2A,F,,-8,R         ,P         ,25.04.2013,18.11.2012,,28.07.2014,11.49,
106500317,TELECOM-3A,F,,-8,R         ,T         ,25.04.2013,18.11.2012,,28.07.2014,11.49,
107500300,TELECOM-4A,F,,-8,R         ,P         ,25.04.2013,18.11.2012,,28.07.2014,11.49,
100500401,SIRIUS-30B,S,,5,R         ,P         ,19.04.2013,23.10.2012,,10.07.2015,A30B#8.17,
106500573,SIRIUS-30B-5E,S,,5,R         ,P         ,19.04.2013,23.10.2012,,10.07.2015,A30B#8.17,
100500090,EXPRESS-11,RUS,,145,R         ,T         ,25.01.2013,20.08.2012,,01.09.2014,11.49,
101500488,LOUTCH-10,RUS,,145,R         ,T         ,25.01.2013,20.08.2012,,01.09.2014,11.49,
90500186,STATSIONAR-16,RUS,,145,R         ,T         ,25.01.2013,20.08.2012,,01.09.2014,11.49,
110500012,VOLNA-6R,RUS,,145,R         ,T         ,25.01.2013,20.08.2012,,01.09.2014,11.49,
105500336,JMCS-3A,J,,158,R         ,T         ,22.01.2013,31.07.2012,,26.03.2015,11.49,
90500373,SUPERBIRD-A,J,,158,R         ,T         ,22.01.2013,31.07.2012,,26.03.2015,11.49,
104500273,SUPERBIRD-A2,J,,158,R         ,T         ,07.01.2013,31.07.2012,,26.03.2015,11.49,
106500017,SUPERBIRD-A2-R,J,,158,R         ,T         ,07.01.2013,31.07.2012,,26.03.2015,11.49,
95500458,TURKSAT-1B,TUR,,31,R         ,T         ,12.12.2012,02.07.2012,,08.05.2014,11.49,
111500058,TURKSAT-2B,TUR,,31,R         ,T         ,12.12.2012,02.07.2012,,08.05.2014,11.49,
96500024,TURKSAT-K1,TUR,,31,R         ,T         ,12.12.2012,02.07.2012,,08.05.2014,11.49,
108501038,CHINASAT-45,CHN,,101.5,R         ,T         ,17.08.2012,05.06.2012,,20.12.2012,11.49,
113500115,NSS-57,HOL,,-40.5,R         ,P         ,17.12.2012,01.06.2012,,30.09.2013,11.49,
110500356,KAZSAT1,KAZ,,58.5,R         ,P         ,21.06.2012,31.05.2012,,20.05.2014,11.49,
111500122,KAZSAT1M,KAZ,,58.5,R         ,P         ,21.06.2012,31.05.2012,,20.05.2014,11.49,
101500557,THAICOM-A3,THA,,120,R         ,T         ,24.06.2013,14.05.2012,,30.04.2014,11.49,
106500350,THAICOM-A3B,THA,,120,R         ,T         ,24.06.2013,14.05.2012,,30.04.2014,11.49,
112500127,THAICOM-N3,THA,,120,R         ,T         ,24.06.2013,14.05.2012,,30.04.2014,11.49,
103500127,INTERSPUTNIK-17E,RUS,IK,17,R         ,T         ,10.10.2011,02.09.2011,,31.12.2011,11.49,
109500232,INTERSPUTNIK-17E-CK,RUS,IK,17,R         ,T         ,10.10.2011,02.09.2011,,31.12.2011,11.49,
110500157,PALAPA-B3-EC,INS,,118,R         ,T         ,06.07.2011,01.08.2011,,05.04.2013,11.49,
109500491,PALAPA-C3-K,INS,,118,R         ,T         ,06.07.2011,01.08.2011,,05.04.2013,11.49,
108501134,CHINASAT-163E,CHN,,163,R         ,T         ,06.03.2012,09.07.2011,,11.10.2012,11.49,
112500013,INMARSAT-S2,G,,31,R         ,T         ,29.06.2012,24.01.2011,,15.08.2012,11.49,
90501090,ZSSRD-2,RUS,,-16,R         ,T         ,27.07.2011,20.01.2011,,12.12.2012,11.49,
111500139,ARABSAT 6E-34.5E,ARS,ARB,34.5,R         ,T         ,30.04.2011,01.01.2011,,05.01.2012,11.49,
110500094,B-SAT-1J,B,,-68,R         ,T         ,14.06.2011,29.11.2010,,31.07.2011,11.49,
106500348,THAICOM-C1,THA,,50.5,R         ,T         ,06.06.2012,13.11.2010,,27.08.2012,11.49,
110500252,THAICOM-N1,THA,,50.5,R         ,T         ,26.12.2011,13.11.2010,,27.08.2012,11.49,
95500458,TURKSAT-1B,TUR,,31,R         ,T         ,08.02.2011,23.09.2010,,01.09.2011,11.49,
96500024,TURKSAT-K1,TUR,,31,R         ,T         ,08.02.2011,23.09.2010,,01.09.2011,11.49,
110500170,DFH-3A-OD,CHN,,130,R         ,T         ,09.08.2010,01.05.2010,,12.12.2010,11.49,
109500199,ARABSAT-KA-30.5E,ARS,ARB,30.5,R         ,T         ,04.05.2010,14.03.2010,,01.01.2011,11.49,
108501204,ARABSAT-KA-26E,ARS,ARB,26,R         ,T         ,10.05.2010,06.02.2010,,01.01.2011,11.49,
103500095,INTERSPUTNIK-3W,RUS,IK,-3,R         ,T         ,19.02.2010,01.12.2009,,24.11.2011,11.49,
105500292,INTERSPUTNIK-3W-Q,RUS,IK,-3,R         ,T         ,19.02.2010,01.12.2009,,24.11.2011,11.49,
107500234,EUTELSAT-B1-16E,F,EUT,16,R         ,T         ,19.11.2010,17.11.2009,,09.11.2011,11.49,
105500068,EUTELSAT-KA-16E,F,EUT,16,R         ,T         ,19.11.2010,17.11.2009,,09.11.2011,11.49,
106500348,THAICOM-C1,THA,,50.5,R         ,T         ,21.07.2010,30.09.2009,,12.10.2010,11.49,
108500025,EMARSAT-1G,UAE,,52.5,R         ,T         ,04.04.2010,15.08.2009,,07.06.2011,11.49,
109500171,GENESIS-8,D,,13,R         ,T         ,16.02.2010,15.07.2009,,28.05.2010,11.49,
105500285,CHINASAT-34B,CHN,,84,R         ,T         ,16.04.2010,24.06.2009,,31.08.2010,11.49,
93500332,ZOHREH-2,IRN,,26,R         ,T         ,24.10.2009,21.05.2009,,14.07.2010,11.49,
99500054,TURKSAT-1C,TUR,,50,R         ,T         ,08.03.2010,01.04.2009,,12.04.2010,11.49,
109500555,TURKSAT-C50E,TUR,,50,R         ,T         ,08.03.2010,01.04.2009,,12.04.2010,11.49,
109500209,TURKSAT-K3,TUR,,50,R         ,T         ,08.03.2010,01.04.2009,,12.04.2010,11.49,
105500288,CHINASAT-35C,CHN,,144.5,R         ,T         ,16.04.2010,22.02.2009,,20.03.2010,11.49,
93500545,INTELSAT7 174E,USA,,174,R         ,T         ,17.03.2010,02.02.2009,,24.11.2010,11.49,
99500206,INTELSAT8 174E,USA,,174,R         ,T         ,17.03.2010,02.02.2009,,24.11.2010,11.49,
107500152,INTELSAT9 174E,USA,,174,R         ,T         ,17.03.2010,02.02.2009,,24.11.2010,11.49,
103500416,COMPASS-58.75E,CHN,,58.75,R         ,T         ,16.04.2010,29.01.2009,,30.11.2010,11.49,
102500474,ARABSAT 2-C,ARS,ARB,20,R         ,T         ,24.03.2009,15.12.2008,,06.07.2010,11.49,
111500012,ARABSAT 5C-20E,ARS,ARB,20,R         ,T         ,24.03.2009,15.12.2008,,06.07.2010,11.49,
105500338,PALAPA-B3-EC,INS,,118,R         ,T         ,14.10.2008,19.08.2008,,10.08.2010,11.49,
109500491,PALAPA-C3-K,INS,,118,R         ,T         ,14.10.2008,19.08.2008,,10.08.2010,11.49,
100500228,INTELSAT5A 157E,USA,,157,R         ,T         ,17.03.2010,09.08.2008,,06.08.2010,11.49,
103500073,INTELSAT6 157E,USA,,157,R         ,T         ,17.03.2010,09.08.2008,,06.08.2010,11.49,
102500192,INTELSAT7 157E,USA,,157,R         ,T         ,17.03.2010,09.08.2008,,06.08.2010,11.49,
103500004,INTELSAT8 157E,USA,,157,R         ,T         ,17.03.2010,09.08.2008,,06.08.2010,11.49,
104500002,MEASAT-SA1,MLA,,5.7,R         ,T         ,30.11.2007,15.01.2008,,15.01.2010,11.49,
95500458,TURKSAT-1B,TUR,,31,R         ,T         ,04.12.2006,01.11.2006,,09.11.2007,11.49,
96500024,TURKSAT-K1,TUR,,31,R         ,T         ,04.12.2006,01.11.2006,,09.11.2007,11.49,
105500330,P-P-SAT-1,ARG,,-81,R         ,T         ,08.02.2006,19.11.2005,,17.05.2007,11.49,
105500744,SIMON BOLIVAR 2,CLM,ASA,-67,R         ,T         ,22.11.2005,19.09.2005,,30.07.2010,11.49,
105500105,CANSAT KA-5,CAN,,-118.7,R         ,T         ,23.06.2006,24.09.2004,,24.09.2006,11.49,
105500106,CANSAT KA-5X,CAN,,-118.7,R         ,T         ,23.06.2006,24.09.2004,,24.09.2006,11.49,
102500047,ROSCOM-4,RUS,,49,R         ,T         ,24.11.2003,15.11.2003,,31.12.2003,11.49,
90500199,STATSIONAR-24,RUS,,49,R         ,T         ,24.11.2003,15.11.2003,,31.12.2003,11.49,
102500045,ROSCOM-2,RUS,,-170,R         ,T         ,01.12.2003,18.08.2003,,12.08.2005,11.49,
102500048,ROSCOM-3,RUS,,23,R         ,T         ,01.12.2003,10.08.2003,,12.07.2005,11.49,
101500511,MSG,F,,0,R         ,T         ,05.12.2002,25.11.2002,,01.01.2004,11.49,
97500285,EXPRESS-2,RUS,,-14,R         ,T         ,10.07.2001,30.05.2001,,25.11.2002,11.49,
92500211,F-SAT 2,F,,-11,R         ,T         ,05.07.2001,16.04.2001,,14.04.2003,11.49,
100500161,VIDEOSAT-7,F,,-5,R         ,T         ,08.06.2001,14.07.2000,,13.07.2002,11.49,
101500405,USASAT-14J,USA,,72,R         ,T         ,05.02.2001,22.05.2000,,10.08.2001,11.49,
